Id,PostId,RecruitPostId,RecruitPostName,CountryName,LocationName,BGName,ProductName,CategoryName,Responsibility,LastUpdateTime,PostURL,SourceID,IsCollect,IsValid
0,1130749077626032128,50527,PCG19-腾讯视频多媒体终端开发工程师(北京),中国,北京,PCG,,技术,"负责腾讯视频多媒体组件(播放器、音视频录制等)的应用层架构设计和代码开发；
负责业务接入的需求迭代开发和技术支持；",2019年06月14日,http://careers.tencent.com/jobdesc.html?postId=1130749077626032128,1,False,False
0,1139452382061531136,51092,29925-腾讯视频综艺节目公关岗位（北京）,中国,北京,PCG,,营销与公关,"负责腾讯视频综艺节目的公关传播；
负责项目的预热期、开播期、热播期、收官期等阶段，产出有影响力的传播内容；
提升综艺节目在行业影响力包装和建设，腾讯视频长视频+短视频的生态矩阵建设。
对项目的营销、商业化成果进行案例包装，在媒体端进行传播。
对核心媒体进行媒体关系维护与拓展。",2019年06月14日,http://careers.tencent.com/jobdesc.html?postId=0,1,False,False
0,1123178189900746752,49569,23671-企鹅号品类经理（北京）,中国,北京,PCG,,产品,"对垂直内容(摄影，汽车，少儿、数码、健康、房产、职场、军事、科学、体育、财经等）深入剖析，了解用户分层需求和行业生态；
配合垂类内容结构化体系建设，包括但不限于分类、标签、知识图谱等；
对内容结构化体系的效果跟踪及数据分析，为内容生产、引入及分发提供决策支持；
根据目标任务拆解，调整方向，制定合理有效的品类项目策略；
协同AI、推荐、运营等多个团队，在所负责的品类项目中起到关键角色与协调角色。
",2019年06月14日,http://careers.tencent.com/jobdesc.html?postId=1123178189900746752,1,False,False
0,1139436735353065472,51091,29303-大数据可视化工程师（深圳）,中国,深圳,CSIG,,技术,"与大数据专家密切合作，共同完成机器学习模型开发。
构建可复制的软件解决方案，用于商业理解，特征工程和监控模型性能。
与团队中的模型开发人员和客户沟通项目交付。",2019年06月14日,http://careers.tencent.com/jobdesc.html?postId=0,1,False,False
0,1123177371537510400,48689,22989-腾讯云块存储高级后台开发工程师,中国,深圳总部,CSIG,,技术,"负责腾讯云后台服务架构设计、开发工作；
能深入发掘和理解用户需求，开发、优化云产品并落地。",2019年06月14日,http://careers.tencent.com/jobdesc.html?postId=1123177371537510400,1,False,False
0,1123175552153292800,44261,18428-AI应用研发工程师,中国,深圳总部,CDG,,技术,负责金融领域图像处理、物体检测、生物识别等场景AI系统后端架构设计、系统开发、技术攻坚和性能优化，负责基础架构组件开发和优化。,2019年06月14日,http://careers.tencent.com/jobdesc.html?postId=1123175552153292800,1,False,False
0,1139426576669085696,51089,23671-内容平台高级策略分析师,中国,北京,PCG,企鹅号,战略与投资,"1. 负责企鹅号业务经营状况分析与内部管理优化, 提升整体管理效率 
2. 依据渠道与CP需求设计合理合作机制, 并且持续跟踪业务效率 
3. 关注海内外行业发展趋势, 参与行业与专题研究, 为管理层提供决策支持与管理支撑",2019年06月14日,http://careers.tencent.com/jobdesc.html?postId=0,1,False,False
0,1139425347792539648,51088,30359-增长策略高级产品经理,中国,深圳,PCG,,产品,"1、利用数据驱动，联合业务打造增长闭环实践；
2、抽象跨业务增长实践，沉淀增长通用方法论，推动其在多业务落地实施；

",2019年06月14日,http://careers.tencent.com/jobdesc.html?postId=0,1,False,False
0,1139421999643234304,51087,17467-信息流营销策划经理（深圳）,中国,深圳,PCG,QQ看点,营销与公关,"负责腾讯信息流产品的营销活动策划与执行，能够通过多种传播手段，如广告片、H5、海报等传播内容等将平台内容进行外部传播，并对传播内容进行创意策划和跟进出品把控；
负责视频类独家内容的策划和把控，能够联合调动各方资源，为平台输出优质爆款内容。
",2019年06月14日,http://careers.tencent.com/jobdesc.html?postId=0,1,False,False
0,1123176585613021184,47604,PCG19-腾讯视频TV端视觉设计师（深圳）,中国,深圳总部,PCG,,设计,"负责腾讯视频TV端界面视觉设计；
参与腾讯视频客厅产品（视频APP、智能电视盒子、智能语音等）的前期视觉用户研究、设计流行趋势分析和体验规划，主导设定整体视觉风格和VI设计； 
参与设计体验、流程的制定和规范；
参与团队专业建设，分享设计经验，推动提高团队的设计能力。",2019年06月14日,http://careers.tencent.com/jobdesc.html?postId=1123176585613021184,1,False,False
Id,PostId,RecruitPostId,RecruitPostName,CountryName,LocationName,BGName,ProductName,CategoryName,Responsibility,LastUpdateTime,PostURL,SourceID,IsCollect,IsValid
0,1130749077626032128,50527,PCG19-腾讯视频多媒体终端开发工程师(北京),中国,北京,PCG,,技术,"负责腾讯视频多媒体组件(播放器、音视频录制等)的应用层架构设计和代码开发；
负责业务接入的需求迭代开发和技术支持；",2019年06月14日,http://careers.tencent.com/jobdesc.html?postId=1130749077626032128,1,False,False
0,1139452382061531136,51092,29925-腾讯视频综艺节目公关岗位（北京）,中国,北京,PCG,,营销与公关,"负责腾讯视频综艺节目的公关传播；
负责项目的预热期、开播期、热播期、收官期等阶段，产出有影响力的传播内容；
提升综艺节目在行业影响力包装和建设，腾讯视频长视频+短视频的生态矩阵建设。
对项目的营销、商业化成果进行案例包装，在媒体端进行传播。
对核心媒体进行媒体关系维护与拓展。",2019年06月14日,http://careers.tencent.com/jobdesc.html?postId=0,1,False,False
0,1123178189900746752,49569,23671-企鹅号品类经理（北京）,中国,北京,PCG,,产品,"对垂直内容(摄影，汽车，少儿、数码、健康、房产、职场、军事、科学、体育、财经等）深入剖析，了解用户分层需求和行业生态；
配合垂类内容结构化体系建设，包括但不限于分类、标签、知识图谱等；
对内容结构化体系的效果跟踪及数据分析，为内容生产、引入及分发提供决策支持；
根据目标任务拆解，调整方向，制定合理有效的品类项目策略；
协同AI、推荐、运营等多个团队，在所负责的品类项目中起到关键角色与协调角色。
",2019年06月14日,http://careers.tencent.com/jobdesc.html?postId=1123178189900746752,1,False,False
0,1139436735353065472,51091,29303-大数据可视化工程师（深圳）,中国,深圳,CSIG,,技术,"与大数据专家密切合作，共同完成机器学习模型开发。
构建可复制的软件解决方案，用于商业理解，特征工程和监控模型性能。
与团队中的模型开发人员和客户沟通项目交付。",2019年06月14日,http://careers.tencent.com/jobdesc.html?postId=0,1,False,False
0,1123177371537510400,48689,22989-腾讯云块存储高级后台开发工程师,中国,深圳总部,CSIG,,技术,"负责腾讯云后台服务架构设计、开发工作；
能深入发掘和理解用户需求，开发、优化云产品并落地。",2019年06月14日,http://careers.tencent.com/jobdesc.html?postId=1123177371537510400,1,False,False
0,1123175552153292800,44261,18428-AI应用研发工程师,中国,深圳总部,CDG,,技术,负责金融领域图像处理、物体检测、生物识别等场景AI系统后端架构设计、系统开发、技术攻坚和性能优化，负责基础架构组件开发和优化。,2019年06月14日,http://careers.tencent.com/jobdesc.html?postId=1123175552153292800,1,False,False
0,1139426576669085696,51089,23671-内容平台高级策略分析师,中国,北京,PCG,企鹅号,战略与投资,"1. 负责企鹅号业务经营状况分析与内部管理优化, 提升整体管理效率 
2. 依据渠道与CP需求设计合理合作机制, 并且持续跟踪业务效率 
3. 关注海内外行业发展趋势, 参与行业与专题研究, 为管理层提供决策支持与管理支撑",2019年06月14日,http://careers.tencent.com/jobdesc.html?postId=0,1,False,False
0,1139425347792539648,51088,30359-增长策略高级产品经理,中国,深圳,PCG,,产品,"1、利用数据驱动，联合业务打造增长闭环实践；
2、抽象跨业务增长实践，沉淀增长通用方法论，推动其在多业务落地实施；

",2019年06月14日,http://careers.tencent.com/jobdesc.html?postId=0,1,False,False
0,1139421999643234304,51087,17467-信息流营销策划经理（深圳）,中国,深圳,PCG,QQ看点,营销与公关,"负责腾讯信息流产品的营销活动策划与执行，能够通过多种传播手段，如广告片、H5、海报等传播内容等将平台内容进行外部传播，并对传播内容进行创意策划和跟进出品把控；
负责视频类独家内容的策划和把控，能够联合调动各方资源，为平台输出优质爆款内容。
",2019年06月14日,http://careers.tencent.com/jobdesc.html?postId=0,1,False,False
0,1123176585613021184,47604,PCG19-腾讯视频TV端视觉设计师（深圳）,中国,深圳总部,PCG,,设计,"负责腾讯视频TV端界面视觉设计；
参与腾讯视频客厅产品（视频APP、智能电视盒子、智能语音等）的前期视觉用户研究、设计流行趋势分析和体验规划，主导设定整体视觉风格和VI设计； 
参与设计体验、流程的制定和规范；
参与团队专业建设，分享设计经验，推动提高团队的设计能力。",2019年06月14日,http://careers.tencent.com/jobdesc.html?postId=1123176585613021184,1,False,False
Id,PostId,RecruitPostId,RecruitPostName,CountryName,LocationName,BGName,ProductName,CategoryName,Responsibility,LastUpdateTime,PostURL,SourceID,IsCollect,IsValid
0,1139420748029366272,51086,17467-信息流品牌经理（深圳）,中国,深圳,PCG,QQ看点,营销与公关,"负责腾讯信息流产品的品牌推广，制定品牌侧策略及营销策略，基于不同的内容匹配最合适的推广打法及渠道攻占，基于内容的推广转化到品牌口碑及用户认知度；
负责以项目管理形式，推动与内容运营团队及市场部内部团队的沟通。",2019年06月14日,http://careers.tencent.com/jobdesc.html?postId=0,1,False,False
0,1123175145205141504,36567,22850-腾讯视频VIP产品经理(深圳),中国,深圳总部,PCG,,产品,"负责腾讯视频超级影视VIP会员产品规划，包括基础体验/营销能力/精细化运营产品能力；
负责少儿付费项目产品规划，挖掘优质内容变现能力以及探索新付费方式；
精通前后端产品维护和迭代，不断优化业务逻辑、跟踪数据表现，对付费目标负责；
参与市场调研，改善体验、及时应变产品方案；",2019年06月14日,http://careers.tencent.com/jobdesc.html?postId=1123175145205141504,1,False,False
0,1139419926784643072,51084,23294-互娱手游电竞后台开发工程师(深圳),中国,深圳,IEG,,技术,"负责手游电竞后台系统开发工作；
负责手游电竞后台系统性能分析与调优工作；
负责手游电竞助威业务运营开发工作。",2019年06月14日,http://careers.tencent.com/jobdesc.html?postId=0,1,False,False
0,1139419698228629504,51083,23294-互娱品牌经理（深圳）,中国,深圳,IEG,腾讯游戏,营销与公关,"负责动作游戏以及角色扮演类游戏产品市场推广及品牌管理工作，包括:
产品上线阶段以及成熟运营期的市场策略制定和方案撰写；
基于市场方案，负责跟进和把控产品的品牌创意、广告投放、公关传播、事件营销等细案策划和执行工作；
以项目管理形式，协调调动各类资源推动产品的营销工作落地。
负责营销基础工作的立项提单验收等工作。",2019年06月14日,http://careers.tencent.com/jobdesc.html?postId=0,1,False,False
0,1139398428233568256,51082,30626-腾讯广告华北渠道经理（北京）,中国,北京,CDG,,销售、服务与支持,"负责华北国内代理业务的拓展与维护工作;
负责部分代理公司广告产品及对客户的推广和销售工作，包括但不限于视频、游戏、社交广告等；
了解客户需求，寻找销售机会。建立与代理公司的深度合作关系，解决销售及执行过程中的各种问题和挑战；
负责销售项目的沟通、执行、KPI完成等。",2019年06月14日,http://careers.tencent.com/jobdesc.html?postId=0,1,False,False
0,1139387458635436032,51079,25663-泛互联网国际业务研发副组长（深圳））,中国,深圳,CSIG,腾讯云,技术,"主要负责腾讯云国际站业务技术方向的规划；
负责带领研发团队共同打造腾讯云国际业务官网和行业解决方案；
负责文档内容翻译工具等内部系统的研发和架构设计；
指导并培养相关技术方向的团队成员，带领团队不断攻克技术难题。",2019年06月14日,http://careers.tencent.com/jobdesc.html?postId=0,1,False,False
0,1139387459046477824,51081,25663-泛互联网国际站后台开发（深圳）,中国,深圳,CSIG,腾讯云,技术,"主要负责腾讯云国际站后台研发工作
1.负责腾讯云国际站账号、内容、文档等模块的后台研发工作；
2.负责内部工具、运营系统建设和落地；
3.负责国际站上线的海外行业解决方案预研和落地。",2019年06月14日,http://careers.tencent.com/jobdesc.html?postId=0,1,False,False
0,1139387459067449344,51080,25663-泛互联网国际站web前端开发（深圳）,中国,深圳,CSIG,腾讯云,技术,"主要负责腾讯云国际站web前端研发工作
1.负责腾讯云国际站（英日韩）账号体系、产品服务、解决方案等相关页面前端研发；
2.负责内部工具、运营系统建设和落地；
3.负责国际站上线的海外行业解决方案预研和落地。",2019年06月14日,http://careers.tencent.com/jobdesc.html?postId=0,1,False,False
0,1134020938845655040,50726,30359-视频安全数据分析工程师（北京）,中国,北京,PCG,腾讯视频,技术,负责视频安全业务相关数据统计、分析、挖掘工作； 通过用户行为数据建模、分析用户特征等，为业务决策提供参考。,2019年06月14日,http://careers.tencent.com/jobdesc.html?postId=1134020938845655040,1,False,False
0,1123176119038644224,46550,22989-大数据AI综合应用后台开发工程师,中国,北京,CSIG,,技术,负责AI平台和相关行业应用产品的后台研发。,2019年06月14日,http://careers.tencent.com/jobdesc.html?postId=1123176119038644224,1,False,False
Id,PostId,RecruitPostId,RecruitPostName,CountryName,LocationName,BGName,ProductName,CategoryName,Responsibility,LastUpdateTime,PostURL,SourceID,IsCollect,IsValid
0,1135370105044078592,50790,S2-税务经理（深圳）,中国,深圳,S2,,财务,"1、日常税务申报及税局外勤
2、税局日常事务应对
3、涉税相关数据的分析研究
4、相关税务政策或规划的落地执行",2019年06月14日,http://careers.tencent.com/jobdesc.html?postId=1135370105044078592,1,False,False
0,1128194530839891968,50320,22989-WEB后台高级开发工程师,中国,深圳,CSIG,,技术,"1. 负责部门WEB项目的前后端开发，重点是WEB后台开发；
2. 负责部门内部运营平台的开发与运营
3. 负责部门产品云接口的开发与运营",2019年06月14日,http://careers.tencent.com/jobdesc.html?postId=1128194530839891968,1,False,False
0,1128194529002786816,50318,22989-音视频后台高级开发工程师,中国,深圳,CSIG,腾讯云,技术,"负责实时音视频通信后台开发、研发、运营，主要包括： 
1. 负责音视频云通讯的后台需求设计与开发； 
2. 负责新的音视频产品后台设计与开发； 
3. 负责音视频的架构优化重构, 以及下一代音视频后台的技术研究； 
4. 负责GME全球游戏语音引擎传输后台设计与开发; 
5. 负责保障实时音视频通信系统的稳定运营;",2019年06月14日,http://careers.tencent.com/jobdesc.html?postId=1128194529002786816,1,False,False
0,1139360755770986496,51064,30359-视频业务运维工程师（天津）,中国,天津,PCG,腾讯视频,技术,"负责腾讯视频相关业务的故障处理等日常运维工作，保障业务稳定性；
负责腾讯视频相关业务的预算、运营规划；
负责腾讯视频相关业务数据分析，并驱动架构、成本等方向的优化工作。",2019年06月14日,http://careers.tencent.com/jobdesc.html?postId=1139360755770986496,1,False,False
0,1130804095775412224,50533,PCG19-知识图谱开发工程师,中国,北京,PCG,,技术,"1. 知识图谱的知识体系建设
2. 图谱知识的挖掘与整理
3. 图谱相关领域的实体链接算法
4. 搜索语义的解析",2019年06月14日,http://careers.tencent.com/jobdesc.html?postId=1130804095775412224,1,False,False
0,1130804184187146240,50534,PCG19-腾讯视频机器学习算法工程师（北京）,中国,北京,PCG,腾讯视频,技术,"负责搜索排序点击率预估模型算法研发
负责排序相关深度学习模型研发",2019年06月14日,http://careers.tencent.com/jobdesc.html?postId=1130804184187146240,1,False,False
0,1139375029008470016,51078,23295-互娱游戏传播经理（深圳）,中国,深圳,IEG,,营销与公关,"负责腾讯游戏最新各品类的游戏公关传播策略的制定、统筹各阶段传播执行；
独立全程各个阶段的传播工作；
重要节点与重大公关事件的传播筹备、产品发布会的传播执行，跨部门协同沟通；
重点策划与执行助力游戏产品的社会化传播病毒事件、热点话题、PGC与OGC生态的构建与持续培养；
注重对目标用户圈层的渗透与占领，圈层打透与外扩；
多维度统筹与跟进传播效果。",2019年06月14日,http://careers.tencent.com/jobdesc.html?postId=0,1,False,False
0,1139374505899069440,51076,21226-移动游戏高级策划经理（深圳）,中国,深圳,IEG,,产品,"负责相关产品的产品本地化过程中的产品内容、商业化能力设计，对产品内容负责；
分析不同区域的用户诉求，以及竞品研究，明确玩家需求与全局产品设计的优先级，并推进海外研发团队进行内容的设计与跟进，确保质量与效果。",2019年06月14日,http://careers.tencent.com/jobdesc.html?postId=0,1,False,False
0,1139374506054258688,51077,21226-海外游戏发行推广经理 （深圳）,中国,深圳,IEG,,产品,"主导制定产品在日韩/欧美/东南亚的区域发行市场策略，包含UA、网红、社区、电竞等多领域模块；
分析学习海外其他产品或者厂商市场打法，形成长期的了解与深入的分析，从而不断优化自身策略，持续提升推广效果；
持续关注海外行业动态，深入了解各个渠道、平台等变化等等，并与渠道建立良好的合作关系。
",2019年06月14日,http://careers.tencent.com/jobdesc.html?postId=0,1,False,False
0,1139374503227297792,51071,21226-海外产品发行制作人（深圳）,中国,深圳,IEG,,产品,"负责一款或多款全球产品的海外运营规划，并对产品的商业化指标负责；
针对产品对不同用户、不同区域存在的问题进行分析并整理优化优先级；
针对产品的竞品以及行业新产品，有深入的分析以及有明确的应对策略；
推动海外研发团队进行产品的优化以及运营规划的落地。",2019年06月14日,http://careers.tencent.com/jobdesc.html?postId=0,1,False,False
Id,PostId,RecruitPostId,RecruitPostName,CountryName,LocationName,BGName,ProductName,CategoryName,Responsibility,LastUpdateTime,PostURL,SourceID,IsCollect,IsValid
0,1139374503923552256,51072,21226-海外市场发行负责人（深圳）,中国,深圳,IEG,,产品,"主导制定产品在欧美的发行市场策略，包含UA、网红、社区、电竞等多领域模块；
分析学习海外其他产品或者厂商市场打法，形成长期的了解与深入的分析，从而不断优化自身策略，持续提升推广效果；
持续关注海外行业动态，深入了解各个渠道、平台等变化等等，并与渠道建立良好的合作关系。",2019年06月14日,http://careers.tencent.com/jobdesc.html?postId=0,1,False,False
0,1139374505156677632,51073,21226-海外游戏运营经理（深圳）,中国,深圳,IEG,,产品,"负责一款或多款全球产品的单个区域（日韩/欧美/东南亚）的运营规划，并对产品的商业化指标负责；
针对该产品对不同用户、不同区域区域存在的问题进行分析并整理优化优先级；
针对产品的竞品以及行业新产品，有深入的分析以及有明确的应对策略；
和海外研发团队合作配合，共同进行产品的优化以及运营规划的落地。",2019年06月14日,http://careers.tencent.com/jobdesc.html?postId=0,1,False,False
0,1139374505647411200,51075,21226-国内海外社区内容运营（深圳）,中国,深圳,IEG,,产品,"主导制定产品在中国/日韩/东南亚的社区建设，包含网红、社区内容等多领域模块，并与合作伙伴一起落地策略，并持续优化；
分析学习海外其他产品或者厂商市场打法，形成长期的了解与深入的分析，从而不断优化自身策略，持续提升推广效果；
持续关注海外行业动态，深入了解各个渠道、平台等变化等等，并与渠道建立良好的合作关系。
",2019年06月14日,http://careers.tencent.com/jobdesc.html?postId=0,1,False,False
0,1139374506570158080,51074,21226-Supercell手游-渠道运营（深圳）,中国,深圳,IEG,,产品,"负责Supercell未来多款新产品移动游戏平台渠道的运营，基于项目运营目标，制定各个阶段的运营与合作策略，合理规划方案并高效执行落地，对长期运营效果负责；
与公司内部平台渠道对接，结合项目与渠道双方的需求，合理利用平台资源并持续优化，负责设计对应的活动内容，对活动效果负责；
关注项目和渠道用户需求细节，运用一定的用户研究方法对用户需求进行提炼，指导不断提高渠道运营效率；
积极推进跨部门合作沟通协调，推动合作顺利进展。",2019年06月14日,http://careers.tencent.com/jobdesc.html?postId=0,1,False,False
0,1139374316488495104,51070,19332-企业产品视觉设计师（上海）,中国,上海,CSIG,腾讯云,设计,"担任腾讯企点主要UX设计工作，涵盖官网，运营及UI界面设计，视乎个人能力倾向；
面对业务项目挑战具有创新思考能力，能很好地掌握设计前沿趋势，懂得设计赋能商业，与团队一起完成具有业界影响力的设计。",2019年06月14日,http://careers.tencent.com/jobdesc.html?postId=0,1,False,False
0,1135447648724062208,50805,S2-海外投资公司管理,中国,深圳,S2,,财务,"负责投资公司的日常财务预算、监督、报告及预警； 
负责协调和推动投资公司财务提升及优化等需求； 
负责派出投资公司董事决策提供支持； 
负责建立和完善投资公司相关的管理流程和制度。",2019年06月14日,http://careers.tencent.com/jobdesc.html?postId=1135447648724062208,1,False,False
0,1139368396417142784,51068,30359-Ceph存储运营开发工程师,中国,深圳,PCG,,技术,"主要负责PCG技术运营部应用架构中心的ceph文件系统以及ceph对象存储平台的运维及管理平台开发工作；
服务业务包括应用宝、浏览器、短视频、腾讯视频等，每天PB级数据量增涨，提供7*24小时的稳定高效的数据服务；
深入理解平台架构及业务数据应用场景，给业务数据存储方案造型提供有力支撑，确保业务合理规范使用平台服务；
追求卓越，不断打磨平台运营能力，通过运营平台建设持续解决运维人力，支撑PCG业务的高速发展。",2019年06月14日,http://careers.tencent.com/jobdesc.html?postId=0,1,False,False
0,1123177453729091584,48783,29313-PCG财务经理（北京）,中国,北京,S2,,财务,"协助业务部门梳理业务流程，提供财务管理建议与方案，确保业务工作的顺利开展；
负责业务部门的财务分析，并协助建立分析体系，为业务部门提供管理与决策；
组织业务部门进行年度预算编制，并进行日常考核跟踪和预算管理；
其他相关工作。",2019年06月14日,http://careers.tencent.com/jobdesc.html?postId=1123177453729091584,1,False,False
0,1139368184978083840,51067,29313-PCG渠道财务经理（北京）,中国,北京,S2,,财务,"协助业务部门梳理业务流程，提供财务管理建议与方案，确保业务工作的顺利开展；
负责业务部门的财务分析，并协助建立分析体系，为业务部门提供管理与决策；
组织业务部门进行年度预算编制，并进行日常考核跟踪和预算管理；
其他相关工作。",2019年06月14日,http://careers.tencent.com/jobdesc.html?postId=0,1,False,False
0,1123177958048010240,49336,TME-全民K歌海外市场与用户研究经理（深圳）,中国,深圳总部,TME,,设计,"负责全民K歌海外的市场与用户研究工作（东南亚地区为主），包括独立完成各个用研项目的需求分析、方案设计，管理研究供应商执行项目，并输出具有较强落地性的专业研究报告；
全球泛娱乐市场及用户的分析以及跟踪监测，包括行业、市场格局、用户趋势、竞品分析等。",2019年06月14日,http://careers.tencent.com/jobdesc.html?postId=1123177958048010240,1,False,False
Id,PostId,RecruitPostId,RecruitPostName,CountryName,LocationName,BGName,ProductName,CategoryName,Responsibility,LastUpdateTime,PostURL,SourceID,IsCollect,IsValid
0,1123175199718510592,38419,21229-沙盒/生存类产品高级社区运营（上海）,中国,上海,IEG,,产品,"负责沙盒/生存类产品的社区整体规划和建设，以及运营工作，包括：
社区规划：根据产品特点，进行社区内容规划，路径规划，资源规划；
社区建设：对社区内容的生产和效果负责，包括论坛类，UGC视频，直播视频平台关系维护等；
KOL培养和管理：挖掘和培养优质KOL，促进社区生态，形成社区文化；
数据分析和优化：对产品社区的数据定期跟踪分析，并优化社区建设方案和提供产品优化建议。",2019年06月14日,http://careers.tencent.com/jobdesc.html?postId=1123175199718510592,1,False,False
0,1123175200540594176,38423,21229-沙盒/生存类产品运营策划（上海）,中国,上海,IEG,,产品,"负责沙盒类生存类产品的评测、分析；
负责沙盒类生存类产品的分析和研究，并对本地化和商业化输出修改建议；
分析产品数据和用户研究，针对数据及用研反馈调整产品内容计划；
负责游戏运营工作，对游戏产品和用户体验负责。",2019年06月14日,http://careers.tencent.com/jobdesc.html?postId=1123175200540594176,1,False,False
0,1123177628488962048,48982,22989-腾讯云虚拟化高级研发工程师（深圳）,中国,深圳总部,CSIG,,技术,"负责Linux内核，虚拟化，容器方面的研发工作； 、
负责Linux内核、虚拟化定制化研发工作，提升产品竞争力。",2019年06月14日,http://careers.tencent.com/jobdesc.html?postId=1123177628488962048,1,False,False
0,1139361144419389440,51066,21527-腾讯音乐投资公司管理经理（深圳）,中国,深圳,公司其他组织,,战略与投资,"1. 协助完善公司的投资项目管理数据； 
2. 协助监控公司投后项目的业绩财务表现，适当提供财务分析及风险警示； 
3. 协助建立和完善投资公司相关的管理流程和制度。
4. 负责部门投资项目文档管理等相关事项； 
5. 协助投资项目财务尽职调查，梳理分析标的公司财务情况和潜在风险。",2019年06月14日,http://careers.tencent.com/jobdesc.html?postId=0,1,False,False
0,1139361070176014336,51065,21527-腾讯音乐高级IT信息安全工程师,中国,深圳,公司其他组织,,技术,"负责TME集团IT内部的信息安全管理体系建设，协助内审内控团队对信息安全风险进行审计和评估；
梳理各项涉及信息安全的流程管理情况，针对涉及安全的风险进行有效识别、提出优化和管控的建议或方案，并推动相关部门的整改；
负责公司内部网络，系统，终端及应用的安全防护工作，进行安全检查、风险评估和安全加固；
负责内部安全事件与漏洞的监控及应急响应，并分析推动流程和机制优化；
负责安全项目的管理与推进，协助建设安全研发与运维规范，并进行安全培训。",2019年06月14日,http://careers.tencent.com/jobdesc.html?postId=0,1,False,False
0,1139355743321853952,51063,21228-女性向游戏版本管理(深圳）,中国,深圳,IEG,,产品,"负责精品手游产品运营期的版本管理工作，跟进开发排期，推进研发商按时按质完成版本内容、idip、tlog、运营功能开发工作；
跟进版本测试、版本部署、版本发布等版本流程各环节工作，保证版本稳定性；
负责日常外网问题反馈接受和处理，推动版本质量及内容优化；
负责游戏安全环境、游戏生态维护及舆情监控，有一定数据分析能力，对产品基础运营数据进行监控和输出。
",2019年06月14日,http://careers.tencent.com/jobdesc.html?postId=0,1,False,False
0,1139355244812046336,51061,29777-金融云银行行业售前架构师（北/上/深）（北京）,中国,北京,CSIG,腾讯云,技术,"为金融行业大客户和合作伙伴提供行业解决方案，具体岗位职责： 
了解金融行业，尤其是银行行业的行业发展趋势，制定有竞争力的行业解决方案； 
与商务拓展团队一起进行售前工作，了解行业客户需求，准备针对性的解决方案； 
根据方案规划，支持交付团队完成方案的落地工作，确保前期建议的项目客户价值得到实现； 
作为腾讯云的客户技术负责人，与客户高层业务、技术领导层沟通，确保腾讯云在客户处的业务持续性与客户满意度",2019年06月14日,http://careers.tencent.com/jobdesc.html?postId=0,1,False,False
0,1139355245017567232,51062,29777-金融云银行行业售前架构师（北/上/深）（上海）,中国,上海,CSIG,腾讯云,技术,"为金融行业大客户和合作伙伴提供行业解决方案，具体岗位职责： 
了解金融行业，尤其是银行行业的行业发展趋势，制定有竞争力的行业解决方案； 
与商务拓展团队一起进行售前工作，了解行业客户需求，准备针对性的解决方案； 
根据方案规划，支持交付团队完成方案的落地工作，确保前期建议的项目客户价值得到实现； 
作为腾讯云的客户技术负责人，与客户高层业务、技术领导层沟通，确保腾讯云在客户处的业务持续性与客户满意度",2019年06月14日,http://careers.tencent.com/jobdesc.html?postId=0,1,False,False
0,1139355242748448768,51057,29777-金融云银行业务架构师（北/上/深圳）（深圳）,中国,深圳,CSIG,腾讯云,技术,"为金融行业大客户和合作伙伴提供行业解决方案，具体岗位职责： 
分析金融行业，尤其是银行行业的行业发展趋势； 
从行业客户的视角切入，梳理腾讯及合作伙伴资源，制定有竞争力的行业解决方案； 
支持商务团队进行售前工作，并配合相关的售中/后等相关业务工作； 
为关键客户提供业务方案咨询服务，配合技术架构师进行方案的落地工作； 
对实施中和交付后的项目从业务角度进行跟进，确保实施项目的客户价值得到实现； 
作为腾讯云的业务解决方案代言人，承担与技术社区、客户高层领导的沟通任务，扩大腾讯云的影响力。",2019年06月14日,http://careers.tencent.com/jobdesc.html?postId=0,1,False,False
0,1139355243469869056,51058,29777-金融云银行业务架构师（北/上/深圳）（北京）,中国,北京,CSIG,腾讯云,技术,"为金融行业大客户和合作伙伴提供行业解决方案，具体岗位职责： 
分析金融行业，尤其是银行行业的行业发展趋势； 
从行业客户的视角切入，梳理腾讯及合作伙伴资源，制定有竞争力的行业解决方案； 
支持商务团队进行售前工作，并配合相关的售中/后等相关业务工作； 
为关键客户提供业务方案咨询服务，配合技术架构师进行方案的落地工作； 
对实施中和交付后的项目从业务角度进行跟进，确保实施项目的客户价值得到实现； 
作为腾讯云的业务解决方案代言人，承担与技术社区、客户高层领导的沟通任务，扩大腾讯云的影响力。",2019年06月14日,http://careers.tencent.com/jobdesc.html?postId=0,1,False,False
Id,PostId,RecruitPostId,RecruitPostName,CountryName,LocationName,BGName,ProductName,CategoryName,Responsibility,LastUpdateTime,PostURL,SourceID,IsCollect,IsValid
0,1139355243763470336,51059,29777-金融云银行业务架构师（北/上/深圳）（上海）,中国,上海,CSIG,腾讯云,技术,"为金融行业大客户和合作伙伴提供行业解决方案，具体岗位职责： 
分析金融行业，尤其是银行行业的行业发展趋势； 
从行业客户的视角切入，梳理腾讯及合作伙伴资源，制定有竞争力的行业解决方案； 
支持商务团队进行售前工作，并配合相关的售中/后等相关业务工作； 
为关键客户提供业务方案咨询服务，配合技术架构师进行方案的落地工作； 
对实施中和交付后的项目从业务角度进行跟进，确保实施项目的客户价值得到实现； 
作为腾讯云的业务解决方案代言人，承担与技术社区、客户高层领导的沟通任务，扩大腾讯云的影响力。",2019年06月14日,http://careers.tencent.com/jobdesc.html?postId=0,1,False,False
0,1139355244392615936,51060,29777-金融云银行行业售前架构师（北/上/深）（深圳）,中国,深圳,CSIG,腾讯云,技术,"为金融行业大客户和合作伙伴提供行业解决方案，具体岗位职责： 
了解金融行业，尤其是银行行业的行业发展趋势，制定有竞争力的行业解决方案； 
与商务拓展团队一起进行售前工作，了解行业客户需求，准备针对性的解决方案； 
根据方案规划，支持交付团队完成方案的落地工作，确保前期建议的项目客户价值得到实现； 
作为腾讯云的客户技术负责人，与客户高层业务、技术领导层沟通，确保腾讯云在客户处的业务持续性与客户满意度",2019年06月14日,http://careers.tencent.com/jobdesc.html?postId=0,1,False,False
0,1139353954702856192,51056,28096-腾讯音乐广告渠道销售负责人,中国,深圳,公司其他组织,,销售、服务与支持,"负责腾讯音乐广告代理商开发及商机拓展，完成销售目标；
与代理公司业务/内容/媒介/谈判等团队建立深入合作，负责公司重点资源/产品/招商项目/创新合作的推荐与售卖；
代理商日常管理：确保相关制度的执行落地以及需求反馈收集，给出可行性优化建议，带动消耗提升；
负责代理公司比稿的媒介策略支持，负责代理合作项目的价格谈判和资源谈判； 
完成个人业绩目标，确保资源和项目执行、结算、回款流程的顺利推进；
团队管理：快速搭建团队赢得市场。",2019年06月14日,http://careers.tencent.com/jobdesc.html?postId=0,1,False,False
0,1139353938349264896,51055,28096-腾讯音乐大客户销售经理,中国,深圳,公司其他组织,,销售、服务与支持,"负责腾讯音乐广告的推广及销售工作（综艺内容项目），面向重点行业大客户拓展与维护，完成销售收入目标； 
开发潜在品牌客户，并对现有客户进行维护和管理，建立深度合作关系，解决销售及执行过程中的各种问题和挑战； 
负责销售项目的沟通、执行、KPI完成等；
推动广告主及广告代理公司对综艺项目合作的满意度。 ",2019年06月14日,http://careers.tencent.com/jobdesc.html?postId=0,1,False,False
0,1123178241662652416,49618,WXG07-广研UI视觉设计师,中国,广州,WXG,,设计,"1.参与企业应用的孵化与设计，包括产品设计，用户分析，品牌设计，设计标准制定和输出高效规范等。
2.参与QQ邮箱的产品定位、视觉风格，品牌、运营设计工作等。
3.优化邮箱可用性，改善用户体验。
",2019年06月14日,http://careers.tencent.com/jobdesc.html?postId=1123178241662652416,1,False,False
0,1123177323789553664,48631,25925-Linux C++后台开发工程师（深圳）,中国,深圳总部,IEG,,技术,"负责腾讯游戏心悦俱乐部后台相关设计和开发工作；
参与用户平台部后台框架、公共组件的设计和开发工作；
参与相关产品需求讨论、架构设计以及后期优化工作。",2019年06月14日,http://careers.tencent.com/jobdesc.html?postId=1123177323789553664,1,False,False
0,1123177192545587200,48459,25923-golang运营开发工程师（深圳）,中国,深圳总部,IEG,,技术,"参与内部运营平台（资源平台，计算平台，运维平台）微服务化优化工作以及功能模块开发工作。负责服务模块需求分析，功能设计，功能开发；
解决平台开发过程中的高性能、高并发和高可靠性问题。",2019年06月14日,http://careers.tencent.com/jobdesc.html?postId=1123177192545587200,1,False,False
0,1123177091056013312,48337,25923-数据库工程师(DBA)（深圳）,中国,深圳总部,IEG,,技术,"为业务提供相应的DB技术服务支持；
负责数据库层面疑难问题的跟踪排查和优化实施；
负责进行数据库管理相应的配套系统的建设规划、开发及落地；
负责数据库存储领域新技术研究和应用。",2019年06月14日,http://careers.tencent.com/jobdesc.html?postId=1123177091056013312,1,False,False
0,1123176736385667072,47841,25923-PC客户端开发工程师（深圳）,中国,深圳总部,IEG,,技术,"负责Windows/Mac平台客户端产品需求开发工作；
负责相关客户端产品的功能维护、性能优化等相关工作。",2019年06月14日,http://careers.tencent.com/jobdesc.html?postId=1123176736385667072,1,False,False
0,1123175706973442048,45035,TEG09-CDN架构专家工程师（深圳）,中国,深圳总部,TEG,,技术,"深入分析行业发展和用户场景，主动掌握业界动态；
 推动腾讯CDN架构的演进/优化以及落地， 构建CDN核心竞争力；
负责CDN领域的战略发展，探索未来CDN架构未来可能的发展方向。",2019年06月14日,http://careers.tencent.com/jobdesc.html?postId=1123175706973442048,1,False,False
Id,PostId,RecruitPostId,RecruitPostName,CountryName,LocationName,BGName,ProductName,CategoryName,Responsibility,LastUpdateTime,PostURL,SourceID,IsCollect,IsValid
0,1123176600523771904,47637,23292-互娱视觉设计师（深圳）,中国,深圳总部,IEG,,设计,"负责《地下城与勇士》&《跑跑卡丁车》游戏产品，IP世界观设定及内容素材的视觉定位；
负责与对外执行团队的沟通与培养，执行过程中的品质及进度把控；
负责视频、平面、H5互动等营销素材前期创意过程中的提案草图；
负责衍生品设计及线下搭建活动的美术指导；",2019年06月14日,http://careers.tencent.com/jobdesc.html?postId=1123176600523771904,1,False,False
0,1123175117816336384,34584,15611-航海王IP动作游戏3D特效设计师（深圳）,中国,深圳总部,IEG,,设计,"负责游戏中角色特效、场景特效的设计和制作；
推动项目特效编辑器的持续完善和优化；
与其它团队成员一起解决技术难题和其他挑战；
审核外包提交的3D特效资源，并指导外包制作。",2019年06月14日,http://careers.tencent.com/jobdesc.html?postId=1123175117816336384,1,False,False
0,1123175130629935104,35683,15611-航海王IP动作游戏3D动画设计师（深圳）,中国,深圳总部,IEG,,设计,"负责游戏中的3D角色动画设计和制作；
负责外包资源的审核修改及外包团队的培养；
负责游戏中3D角色动画的风格统一性和资源规范性。",2019年06月14日,http://careers.tencent.com/jobdesc.html?postId=1123175130629935104,1,False,False
0,1123175131686899712,35724,15612-游戏客户端研发工程师(深圳),中国,深圳总部,IEG,,技术,"负责游戏客户端研发； 
产品需求的技术可行性评估，程序框架及技术方案的设计和具体实现； 
协助美术/策划建立高效的游戏内容制作流程, 完善并持续优化工具链。",2019年06月14日,http://careers.tencent.com/jobdesc.html?postId=1123175131686899712,1,False,False
0,1123175151504986112,36893,19511-腾讯游戏业务流程经理（深圳）,中国,深圳总部,IEG,,技术,"针对策略方向，制定管理方案和实施流程；
对流程相关人员进行宣导，协同相关方推进流程落地实施。",2019年06月14日,http://careers.tencent.com/jobdesc.html?postId=1123175151504986112,1,False,False
0,1123175180902862848,37992,15612-后台游戏开发工程师(深圳）,中国,深圳总部,IEG,,技术,"负责火影页游海外服务器架构设计；
负责火影页游海外服务器逻辑系统设计编码以及运营开发工作；
负责火影页游国际化版本的需求开发。",2019年06月14日,http://careers.tencent.com/jobdesc.html?postId=1123175180902862848,1,False,False
0,1123175212561469440,38848,15611-航海王IP动作游戏3D角色设计师（深圳）,中国,深圳总部,IEG,,设计,"负责游戏中的3D角色模型、贴图制作；
负责外包资源的审核修改及外包团队的培养；
负责游戏中3D角色资源的风格统一性和资源规范性。",2019年06月14日,http://careers.tencent.com/jobdesc.html?postId=1123175212561469440,1,False,False
0,1123176428259512320,47336,15605-动作RPG类游戏运营数据分析（深圳）,中国,深圳总部,IEG,,产品,"搭建并完善数据分析框架体系，全面推进产品的数据化运营；
建立关键指标的日常监控机制，对数据波动进行原因挖掘，推动游戏内容及运营策略调优；
综合使用数据分析、用户研究等多种手段，对重点内容进行专项研究，支撑研发决策；
基于研究结果推动问题解决或内容优化，并持续关注后续数据表现及用户反馈；
负责接入并持续维护数据分析相关的管理工具。",2019年06月14日,http://careers.tencent.com/jobdesc.html?postId=1123176428259512320,1,False,False
0,1123177625422925824,48979,28937-移动游戏专项测试工程师（深圳）,中国,深圳总部,IEG,,技术,"负责手游产品前端相关专项测试工作，包括性能、稳定性、代码级测试等；
负责专项测试方案和工具的优化；
在业务中研究、挖掘新的专项测试方法，从各纬度拓展测试深度，提升产品品质。",2019年06月14日,http://careers.tencent.com/jobdesc.html?postId=1123177625422925824,1,False,False
0,1123177643143860224,48998,15611-海外市场策划（深圳）,中国,深圳总部,IEG,,产品,"分析游戏特点、市场环境和竞争对手，有效整合各类传播资源并制定产品上线前后的营销策划方案；
负责线上线下市场活动计划的制定、执行和总结，通过各种市场推广手段完成既定的营销目标；
熟悉和了解海外游戏市场和海外游戏的推广，对主流海外渠道以及投放工作有深度了解；
关注市场动态和本地资讯，了解体验市场各类游戏，不定期进行竞品及市场趋势分析，为公司产品运营提供信息支持。",2019年06月14日,http://careers.tencent.com/jobdesc.html?postId=1123177643143860224,1,False,False
Id,PostId,RecruitPostId,RecruitPostName,CountryName,LocationName,BGName,ProductName,CategoryName,Responsibility,LastUpdateTime,PostURL,SourceID,IsCollect,IsValid
0,1123177130604105728,48390,CSIG17-测试leader,中国,深圳总部,CSIG,,技术,"1、根据部门质量管理体系的战略目标，制定团队的工作目标、质量管理、能力建设，确保测试团队能够及时有效的完成质量工作；
2、推进团队的测试技术发展，包括引进先进测试技术、建设测试平台、预研攻坚专项测试技术、建设/改进测试工具等；
3、负责团队优秀人才的招聘、培养、选拔和任用，为团队建立人才梯队.
",2019年06月14日,http://careers.tencent.com/jobdesc.html?postId=1123177130604105728,1,False,False
0,1123176061446656000,46404,22989-腾讯云物联网后台研发（高级）工程师（上海）,中国,上海,CSIG,,技术,"腾讯云物联网核心通信系统服务端后台研发；  
* 实现IOTHUB产品的需求；  
* 协助完成客户解决方案的实施；  
* 协助运维团队，保障产品和服务的稳定性；   
",2019年06月14日,http://careers.tencent.com/jobdesc.html?postId=1123176061446656000,1,False,False
0,1123176114034839552,46537,22989-物联网前端高级工程师,中国,深圳总部,CSIG,,技术,"负责腾讯云物联网前端团队的前端架构设计和开发以及维护工作；负责物联网云市场项目和开发者平台的pc端需求开发以及跨平台应用（小程序，h5, APP）的定制化开发；负责其他相关项目的需求开发；负责公共组件建设和维护",2019年06月14日,http://careers.tencent.com/jobdesc.html?postId=1123176114034839552,1,False,False
0,1123178193113583616,49572,25923-手游网络加速移动客户端开发（深圳）,中国,深圳总部,IEG,,技术,"负责手游SDK网络诊断、网络加速开发实现，保障手游业务网络稳定；
负责腾讯手游加速器APP设计及开发实现，通过APP对游戏网络进行加速，并且诊断和排查网络问题，负责项目中重点、难点的技术攻关。",2019年06月14日,http://careers.tencent.com/jobdesc.html?postId=1123178193113583616,1,False,False
0,1123177396707528704,48718,23517-开放世界MMO产品市场运营,中国,深圳总部,IEG,,产品,"1、负责开放世界MMO游戏品牌建设，发展以及对外合作的策略制定； 
2、负责制定和执行整体市场推广与营销策略计划； 
3、熟悉和了解内外部品牌合作模式，策划并执行个性化的合作方案，并能够推动产出高品质创意内容和广告；
4、推动跟踪活动执行情况，根据数据调整推广、运营策略，并对产品改进提出合理化建议。",2019年06月14日,http://careers.tencent.com/jobdesc.html?postId=1123177396707528704,1,False,False
0,1123177395419877376,48717,23517-开放世界MMO产品平台运营,中国,深圳总部,IEG,,产品,"1、负责移动游戏平台渠道的对接与运营，基于项目运营目标，对渠道资源的使用效率负责，并持续优化；
2、与公司内部平台渠道对接，结合项目与渠道双方需求，设计对应的活动内容，跟进活动效果；
3、结合项目运营节奏，构思内部平台渠道的中长线合作方向，并能形成可执行的阶段性规划方案，高效执行落地并跟进效果；
4、关注用户需求细节，运用一定的用户研究方法对用户需求进行提炼。",2019年06月14日,http://careers.tencent.com/jobdesc.html?postId=1123177395419877376,1,False,False
0,1123177394430021632,48716,23517-卡牌产品运营策划,中国,深圳总部,IEG,,产品,"1、具有优秀的沟通能力，能够承担与开发商的对接沟通。 
2、具有良好的内部协调管理能力，能有效进行支持团队的需求沟通、结合运营节点目标进行项目关键运营需求的排期。
3、具有良好的游戏拆解、游戏内系统或玩法的方向设计。善于使用用户分析以及市场需求/趋势洞察力，能够用科学的手段为本地化需求提供支撑，完成沟通与推动落地。",2019年06月14日,http://careers.tencent.com/jobdesc.html?postId=1123177394430021632,1,False,False
0,1123177393104621568,48715,23517-开放世界MMO产品数据分析师,中国,深圳总部,IEG,,产品,"1、针对重点游戏业务能从产品、用户、市场等角度分析其发展趋势和潜在问题，为运营决策提供参考；
2、从产品用户生命周期的角度，分析新进、活跃、付费、留存、流失及回流相关数据，并能为后续运营提供优化建议；
3、应用数据分析经验，搭建数据分析模型和预测模型，精准定位用户、市场，推演发展趋势；
4、完成游戏运营中的重点专项报告输出，针对目标用户及细分群体独立输出研究报告；
5、协助业务负责人完成其他业务专项研究和分析工作。",2019年06月14日,http://careers.tencent.com/jobdesc.html?postId=1123177393104621568,1,False,False
0,1123177391661780992,48714,27562-SOC赛道手游手游运营推广,中国,深圳总部,IEG,,产品,"1、负责市场策划工作，根据游戏特色和运营需求，定制不同阶段的营销推广策略；
2、对接项目的市场部，跟进方案的落实与执行；
3、根据项目特色与内部更多平台进行合作构思活动并跟进执行，对活动效果进行分析，并能利用平台资源优化提升活动效果；
4、关注用户需求细节，根据运营需求，进行市场运营活动的规划和执行；
5、运用数据分析工具对内外部合作效果进行监控；
6、结合项目IP和泛娱乐产品，与市场组品牌一起制定针对泛游戏用户的宣传推广策略。
",2019年06月14日,http://careers.tencent.com/jobdesc.html?postId=1123177391661780992,1,False,False
0,1123177390663536640,48713,27562-SOC赛道手游数据分析师,中国,深圳总部,IEG,,产品,"1、针对重点游戏业务能从产品、用户、市场等角度分析其发展趋势和潜在问题，为运营决策提供参考；
2、从产品用户生命周期的角度，分析新进、活跃、付费、留存、流失及回流相关数据，并能为后续运营提供优化建议；
3、应用数据分析经验，搭建数据分析模型和预测模型，精准定位用户、市场，推演发展趋势；
4、完成游戏运营中的重点专项报告输出，针对目标用户及细分群体独立输出研究报告；
5、协助业务负责人完成其他业务专项研究和分析工作。",2019年06月14日,http://careers.tencent.com/jobdesc.html?postId=1123177390663536640,1,False,False
Id,PostId,RecruitPostId,RecruitPostName,CountryName,LocationName,BGName,ProductName,CategoryName,Responsibility,LastUpdateTime,PostURL,SourceID,IsCollect,IsValid
0,1123177389610766336,48712,27562-SOC赛道手游运营策划（深圳）,中国,深圳总部,IEG,,产品,"1、负责SOC（生存建造开放世界）赛道手游运营期的版本管理及优化、内容规划，保证版本稳定性； 
2、跟进版本测试、版本部署、版本发布等版本流程各环节工作； 
3、负责日常外网问题反馈接受和处理，推动版本质量及内容优化；
4、负责跟进开发排期，推进研发商按时按质完成版本内容、tlog、运营功能开发工作；
5、负责游戏环境、游戏生态维护及舆情监控相关工作。
",2019年06月14日,http://careers.tencent.com/jobdesc.html?postId=1123177389610766336,1,False,False
0,1123175694621216768,44998,TEG02-边缘计算平台架构工程师,中国,北京,TEG,,技术,"负责边缘计算业务场景与方案研究；
负责针对IoT等业务场景设计腾讯边缘计算网络平台的功能架构、软件架构、协议接口、信令流程等；
分析行业内其他对标边缘计算网络平台产品，进行行业与产品分析；
进行腾讯边缘计算网络平台的硬件规划、平台设计，配合研发工程师完成软件开发工作；",2019年06月14日,http://careers.tencent.com/jobdesc.html?postId=1123175694621216768,1,False,False
0,1123175693128044544,44995,TEG02-物联网无线网架构与规划工程师,中国,深圳总部,TEG,,技术,"负责对典型物理网无线技术进行研究分析，Nb-IoT,LoRa,Wifi,Bluetooth,ZigBee等；
负责LoRa无线网络架构设计、以及组网和优化等技术方案研究；
负责LoRa无线网络、终端接入等性能指标的研究与定义；
负责Nb/wifi/LoRa等多网协同方案研究；
负责物联网无线接入新技术研究，例如wifi mesh组网、无线回传、低轨卫星通信等；",2019年06月14日,http://careers.tencent.com/jobdesc.html?postId=1123175693128044544,1,False,False
0,1123175692180131840,44994,TEG02-物联网平台架构工程师（北京）,中国,北京,TEG,,技术,"负责设计腾讯物联网IoT网络平台的功能架构、软件架构、协议接口、信令流程等；
分析行业内其他对标物联网网络平台产品，进行行业与产品分析；
对物联网行业应用需求进行分析，参与制定物联网IoT平台总体规划；
进行腾讯物联网网络平台的硬件规划、平台设计，配合研发工程师完成软件开发工作；",2019年06月14日,http://careers.tencent.com/jobdesc.html?postId=1123175692180131840,1,False,False
0,1123175690561130496,44993,TEG02-物联网平台架构工程师（深圳）,中国,深圳总部,TEG,,技术,"负责设计腾讯物联网IoT网络平台的功能架构、软件架构、协议接口、信令流程等；
分析行业内其他对标物联网网络平台产品，进行行业与产品分析；
对物联网行业应用需求进行分析，参与制定物联网IoT平台总体规划；
进行腾讯物联网网络平台的硬件规划、平台设计，配合研发工程师完成软件开发工作；",2019年06月14日,http://careers.tencent.com/jobdesc.html?postId=1123175690561130496,1,False,False
0,1123177417494499328,48743,29777-金融云保险行业售前架构师（深圳/北京/上海）,中国,深圳总部,CSIG,,技术,"作为金融云保险行业售前架构师，负责保险行业客户上云项目售前拓展支持，并持续深耕保险行业，输出面向保险的行业解决方案；
日常工作包括解决方案宣讲、方案架构规划设计、重点大客户的售中支持以及客户满意度维护等。",2019年06月14日,http://careers.tencent.com/jobdesc.html?postId=1123177417494499328,1,False,False
0,1123177418668904448,48744,29777-金融云互联网金融售前架构师（深圳/北京/上海）,中国,深圳总部,CSIG,,技术,"作为金融云架构师，为互联网金融行业客户和合作伙伴提供云服务业务及技术架构咨询服务，根据腾讯云的整体架构，结合行业发展趋势，制定面向互金行业的、有竞争力的云解决方案；
根据客户业务的需求和理解合作伙伴的需求，基于腾讯金融云的整体架构，输出满足客户需求的服务解决方案；
负责互联网金融、消费金融等项目的需求分析、方案设计、传统解决方案云化规划设计、应用迁移和数据迁移等设计工作；
支持业务团队进行售前工作，并配合相关的售中/售后等相关业务工作；
在客户迁云过程中，根据项目本身的需要，协助研发团队或实施团队（客户\合作伙伴\交付经理）完成Demo系统搭建，PoC测试及最终迁移工作；
负责上云案例、技术方案的更新维护，以及布道工作。",2019年06月14日,http://careers.tencent.com/jobdesc.html?postId=1123177418668904448,1,False,False
0,1123177419981721600,48745,29777-金融售中架构师（大数据方向）（深圳/北京/上海）,中国,深圳总部,CSIG,,技术,"1、负责腾讯金融云项目方案的交付实施工作，保证项目按合同约定成功交付；交付范围包含IDC、专线、云平台、虚拟化、IT管理系统、网络实施、计算、存储、网络、安全、大数据服务等各类设备及服务。
2、在客户迁云过程中，根据项目本身的需要，负责完成Demo系统、PoC测试环境和生产环境的搭建，并协助客户完成最终迁移工作。
3、负责实施过程中，问题定位、功能验证和升级处理，及时发现和解决现场或远程实施过程中的问题和BUG。
4、负责整理反馈和客户沟通过程中的需求，对行业客户的交付和服务流程进行持续优化。
5、持续积累和提升交付能力，包含网络架构、建设流程、云管理系统能力、客户服务能力等。",2019年06月14日,http://careers.tencent.com/jobdesc.html?postId=1123177419981721600,1,False,False
0,1123177420967383040,48746,29777-金融售中架构师（专有云方向）（深圳/北京/上海）,中国,深圳总部,CSIG,,技术,作为金融云架构师，为互联网金融行业客户和合作伙伴提供云服务业务及技术架构咨询服务，根据腾讯云的整体架构，结合行业发展趋势，制定面向互金行业的、有竞争力的云解决方案； 根据客户业务的需求和理解合作伙伴的需求，基于腾讯金融云的整体架构，输出满足客户需求的服务解决方案； 负责互联网金融、消费金融等项目的需求分析、方案设计、传统解决方案云化规划设计、应用迁移和数据迁移等设计工作； 支持业务团队进行售前工作，并配合相关的售中/售后等相关业务工作； 在客户迁云过程中，根据项目本身的需要，协助研发团队或实施团队（客户\合作伙伴\交付经理）完成Demo系统搭建，PoC测试及最终迁移工作； 负责上云案例、技术方案的更新维护，以及布道工作。,2019年06月14日,http://careers.tencent.com/jobdesc.html?postId=1123177420967383040,1,False,False
0,1123177422276005888,48747,29777-金融云交付项目经理,中国,北京,CSIG,,产品," 负责金融云服务项目的交付项目管理，保证项目按合同约定成功交付，对项目范围、进度、成本、交付质量、项目经营结果负责；
 负责协调售前、售中、售后团队，善于和售前及客户沟通，交付范围包含IDC、专线、云平台、虚拟化、IT管理系统、网络实施、计算、存储、网络、安全、大数据服务等各类设备及服务；
 负责整理反馈交付和客户沟通过程中的需求，对行业客户的交付和服务流程进行持续优化；并编写项目所涉及阶段报告及项目验收报告等文档；
 定期组织售中研发和交付团队总结和梳理项目进展和问题，协调资源、推动项目顺利进行，对项目过程中的问题进行有效地跟踪和管理；
 持续积累和提升交付能力，包含网络架构、建设流程、云管理系统能力、客户服务能力等。",2019年06月14日,http://careers.tencent.com/jobdesc.html?postId=1123177422276005888,1,False,False
Id,PostId,RecruitPostId,RecruitPostName,CountryName,LocationName,BGName,ProductName,CategoryName,Responsibility,LastUpdateTime,PostURL,SourceID,IsCollect,IsValid
0,1123178214991073280,49591,HY6-互娱校园推广经理（深圳）,中国,深圳总部,IEG,,营销与公关,"负责腾讯互动娱乐旗下游戏、动漫产品，于全国范围内的校园场景营销，主要包括：
1、	基于营销诉求解读，制定产品的校园场景营销策略，策划校园线下活动、营销创意及赛事活动等，并进行相关内容传播规划；
2、	负责校园资源体系及内容营销体系的运营和应用；
3、	负责项目统筹，与全国本地化团队联动，进行Online & Offline资源整合优化，实现人群精准触达及沟通，助力营销传播达成预期；
4、	基于项目沉淀，提炼校园场景营销/应用方法论，指导后续业务场景资源应用。",2019年06月14日,http://careers.tencent.com/jobdesc.html?postId=1123178214991073280,1,False,False
0,1123177423370719232,48748,29777-腾讯云区块链高级产品经理（北京）,中国,北京,CSIG,,产品,"负责腾讯云区块链BaaS平台（TBaaS）的产品设计和规划，推动产品的迭代升级；
负责选型和设计适用行业场景的区块链产品，并推动区块链应用和解决方案的落地实施；
负责撰写产品文档，对产品需求、产品功能、交互设计等环节进行把关。",2019年06月14日,http://careers.tencent.com/jobdesc.html?postId=1123177423370719232,1,False,False
0,1123177424498987008,48749,29777-金融云区块链高级研发工程师（深圳）,中国,深圳总部,CSIG,,技术,"负责腾讯云区块链平台业务前后端研发工作；
负责对现有腾讯云区块链系统进行稳定性优化、性能调优、新特性开发等工作;
负责腾讯云平台的金融行业服务体系的后台研发工作.",2019年06月14日,http://careers.tencent.com/jobdesc.html?postId=1123177424498987008,1,False,False
0,1123177425539174400,48750,29777-互联网金融行业产品经理,中国,深圳总部,CSIG,,产品,"负责腾讯金融云互联网金融行业研究，调研互联网金融行业发展趋势及需求，分析行业及客户痛点；
根据腾讯云基础产品、生态，结合互联网金融行业特性，进行互联网金融行业产品规划和策划，并制定相应的行业解决方案；
落实行业伙伴合作；
支持售前工作；
参与互联网金融行业客户运营。 ",2019年06月14日,http://careers.tencent.com/jobdesc.html?postId=1123177425539174400,1,False,False
0,1123177426759716864,48751,31504-腾讯云大客户售后团队Leader/技术专家(上海/成都/深圳/北京)（深圳总部）,中国,深圳总部,CSIG,,技术,"1、负责腾讯云VIP大客户的售后技术服务，帮助客户高效解决问题并预见和规避问题，推动产品与工具不断改进优化；
  2、负责协同商务/售前/产研/QA内部资源攻坚重点问题，识别共性/重复性问题并破解核心矛盾提升团队效率，沉淀通用性的平台或服务能力；
  3、负责技术服务团队的选用育留并完善团队的人才梯队，凝聚团队氛围并帮助成长，打造学习型组织；",2019年06月14日,http://careers.tencent.com/jobdesc.html?postId=1123177426759716864,1,False,False
0,1123177412805267456,48735,CSIG16-自动驾驶仿真模拟系统-交通流系统工程师,中国,北京,CSIG,,技术,"负责维护和改进现有仿真系统交通流系统；
根据模型实现新增交通流逻辑。",2019年06月14日,http://careers.tencent.com/jobdesc.html?postId=1123177412805267456,1,False,False
0,1123176610384580608,47650,15573-手游客户端开发高级工程师（上海）,中国,上海,IEG,,技术,"研发跨平台（iOS和Android）精品移动终端网络游戏产品；
工作包括但不限于技术设计、开发编码和各类协作；
实现新特性，改善易用性，提高研发效率；
持续优化性能、表现和兼容性；
与游戏服务器，运营，平台等功能模块做开发对接联调；
优化工作流程，优化编辑器等开发工具；
以改善游戏体验为核心共同目标，与美术和策划无间协作。",2019年06月14日,http://careers.tencent.com/jobdesc.html?postId=1123176610384580608,1,False,False
0,1123176602423791616,47639,HY6-互娱平台赛事产品运营经理,中国,深圳总部,IEG,,产品,"负责app产品合作项目、产品特性的沟通、规划与在平台落地；
负责对B业务平台的功能规划与整合实现，并不断推进优化；
负责App整体资源的引入与整合，提升平台整体资源使用效能；
负责周期性的项目建设的同步及客户管理与维护，协调问题的解决与推进商业生态的实现。",2019年06月14日,http://careers.tencent.com/jobdesc.html?postId=1123176602423791616,1,False,False
0,1123175514085789696,44014,29923-天天P图高级UI视觉设计师（上海）,中国,上海,PCG,,设计,"负责天天P图及相关产品、平台的界面设计工作，包括日常版本迭代、新功能模块、衍生新产品等；
应对复杂界面需求，给出合理解决方案，优化产品UX；
关注产品功能逻辑，给出优化建议并推动落实；
支持各平面类与多媒体类设计工作；
增强产品品牌体验。",2019年06月14日,http://careers.tencent.com/jobdesc.html?postId=1123175514085789696,1,False,False
0,1123175883784327168,45840,19332-高级PHP开发工程师（上海）,中国,上海,CSIG,,技术,"负责腾讯企点产品、Boss、企点官网等平台的设计及研发工作；
 负责跟进平台的运营监控和数据分析工作；
研究新兴技术，持续优化系统架构。",2019年06月14日,http://careers.tencent.com/jobdesc.html?postId=1123175883784327168,1,False,False
Id,PostId,RecruitPostId,RecruitPostName,CountryName,LocationName,BGName,ProductName,CategoryName,Responsibility,LastUpdateTime,PostURL,SourceID,IsCollect,IsValid
0,1123177429750255616,48755,25666-华东区域销售（政务方向）,中国,上海,CSIG,,销售、服务与支持,负责上海区域政府客户的商务拓展工作； 负责大客户关系管理、合作伙伴关系管理，市场策略制定； 整合公司及合作伙伴资源，为客户提供最佳互联网+政务民生行业解决方案； 聚焦在政府民生领域，制定行业/区域打法，并跟进重点项目，以达成公司制定的任务目标和KPI考核目标。,2019年06月14日,http://careers.tencent.com/jobdesc.html?postId=1123177429750255616,1,False,False
0,1123176537579851776,47513,23671-企鹅号前端开发（北京）,中国,北京,PCG,,技术,"负责企鹅号前端开发和性能优化。
负责接入层逻辑开发，前端架构建设及公共组件的设计开发。
负责企鹅号后台系统的前端开发及维护。",2019年06月14日,http://careers.tencent.com/jobdesc.html?postId=1123176537579851776,1,False,False
0,1123176622761971712,47680,23671-短视频前端开发工程师（深圳）,中国,深圳总部,PCG,,技术,负责短视频产品运营相关的的前端开发工作； 负责媒资平台移动端的开发工作，包括前端JS、HTML5以及nodejs等，持续优化前端页面体验和访问速度,2019年06月14日,http://careers.tencent.com/jobdesc.html?postId=1123176622761971712,1,False,False
0,1123177416483672064,48741,23671-企鹅号策略产品经理（分成方向）,中国,北京,PCG,,产品,"1、负责企鹅号作者收益策略运营，有精算、数据分析、策略运营经验者优先，有内容行业工作经验者优先
2、能通过大数据分析，建立风险可控的算法模型，对收益进行调控，实现平台成本投入与作者收益、平台收益三者价值最大化
",2019年06月14日,http://careers.tencent.com/jobdesc.html?postId=1123177416483672064,1,False,False
0,1123177811926847488,49178,27564-体育游戏内容合作（深圳）,中国,深圳总部,IEG,,产品,"负责体育品类游戏的内外部内容合作工作，结合项目特色与用户需求，与内外部合作伙伴进行合作方案构思及合作洽谈，负责合作方案的策划、撰写；
协调相关团队完成合作项目的落地达成预期，对合作效果进行分析，并能利用平台资源优化提升合作效果；
通过跨行业的资源整合和模式创新为游戏及平台创造独家的体育向优质内容，并运用数据分析对合作持续拓展与深度挖掘。",2019年06月14日,http://careers.tencent.com/jobdesc.html?postId=1123177811926847488,1,False,False
0,1123176086708948992,46475,28481-医药行业合作高级经理（深圳）,中国,深圳总部,CSIG,,销售、服务与支持,"1、负责医药相关政府机构以及行业客户资源拓展（包括不限于生产企业、流通企业、零售终端、创新平台等专业领域）；
2、拓展相关行业合作伙伴以及合作机构，整合公司已有产品和资源，形成场景化的创新解决方案；
3、搜集整理医药行业的市场动态、政策变动等行业信息，解读反馈助推业务策略制定；
4、整合资源，设计制定并推进商业合作方案落地，有效撬动行业资源合作。",2019年06月14日,http://careers.tencent.com/jobdesc.html?postId=1123176086708948992,1,False,False
0,1123177623267053568,48977,27564-版本管理（深圳）,中国,深圳总部,IEG,,产品,"负责体育游戏产品的版本管理和基础数据分析工作；
跟进版本测试、版本部署、版本发布等版本流程各环节工作，保证版本稳定性；
负责舆情监控、日常外网问题处理，并推动版本质量及内容优化；
负责日常运营数据监控和基础分析工作；
跟进技术组件、运营功能等的开发和接入工作。",2019年06月14日,http://careers.tencent.com/jobdesc.html?postId=1123177623267053568,1,False,False
0,1123177345373442048,48658,22989-数据库产品运营（北京/成都/深圳）,中国,成都,CSIG,,产品,"1.负责数据库团队所有产品、开源、自研等领先技术能力和产品卖点，进行内容挖掘，包装，传播及二次优化
2.建立内容运营的有效评判体系，分析已有数据运营数据进行优化提升，提高内容运营的影响力和转化率
3.对未使用数据库大客户，进行转化方案制定，领导分配和跟进
4.负责用户在生命周期流程环节的运营，提升流量转化，提高用户活跃度
5.需要面向销售，商务和架构师进行企业级产品宣讲和培训，同时配合跟进大客户，制定激励策略等
",2019年06月14日,http://careers.tencent.com/jobdesc.html?postId=1123177345373442048,1,False,False
0,1123175533551554560,44137,25927-游戏AI平台工程师（深圳）,中国,深圳总部,IEG,,技术,"腾讯游戏AI工程平台和相关工具研发，负责后端系统架构设计与实现，主要工作包括但不限于以下内容：
和AI算法研究人员一起进行游戏自动化AI平台的研发，完成数据处理存储、模型训练及部署应用的功能实现，并根据业务需求持续改进；
和机器学习专家一起研发专用游戏数据分析平台，满足数据分析和模型特征等业务需要；
负责相关工具、服务的发布与监控，相关算法模型和数据的管理平台；
负责对第三方用户的服务部署，并根据其需求完成对相关产品的针对性改进。",2019年06月14日,http://careers.tencent.com/jobdesc.html?postId=1123175533551554560,1,False,False
0,1123177218583826432,48491,26563-后台开发工程师(深圳）,中国,深圳总部,IEG,,技术,"负责WeGame后台服务模块（平台基础，动态，直播，视频，评测，广告系统）持续建设开发；
负责WeGame各模块及整体架构性能问题优化及日常运维",2019年06月14日,http://careers.tencent.com/jobdesc.html?postId=1123177218583826432,1,False,False
Id,PostId,RecruitPostId,RecruitPostName,CountryName,LocationName,BGName,ProductName,CategoryName,Responsibility,LastUpdateTime,PostURL,SourceID,IsCollect,IsValid
0,1123175407026180096,42782,25666-腾讯云西南区域销售（贵阳）,中国,贵阳,CSIG,,销售、服务与支持,"负责腾讯云在西南区域的销售工作，包括目标客户的开发与维护及跟进，市场策略制定、合作伙伴管理等；
聚焦销售，有坚定的执行力，达成公司制定的目标任务和KPI考核目标；
维护跟进现有客户的商务关系，在现有基础上拓展客户业务需求。",2019年06月14日,http://careers.tencent.com/jobdesc.html?postId=1123175407026180096,1,False,False
0,1123176127997677568,46567,27564-移动游戏运营开发工程师（上海）,中国,上海,IEG,,技术,"负责腾讯游戏在线营销活动、营销系统的开发工作；
负责官方游戏不同渠道的各类应用开发及维护工作；
不断探索游戏运营系统及组件的研发攻坚及技术优化。",2019年06月14日,http://careers.tencent.com/jobdesc.html?postId=1123176127997677568,1,False,False
0,1123175506141777920,43881,26563-日本商务经理（深圳）,中国,深圳总部,IEG,,销售、服务与支持,"与日本顶尖公司洽谈游戏引进以及落地合作内容；
从合作签署开始到项目落地、本地化优化以及上线后等全称项目跟进；
监测符合国内玩家的日本游戏，发现更多合作机会；
并且保证与国内团队保持完美配合，促进更多优秀日本游戏的国内落地；
负责两岸会议现场翻译以及项目方案翻译等工作。",2019年06月14日,http://careers.tencent.com/jobdesc.html?postId=1123175506141777920,1,False,False
0,1139233647644119040,51054,21089-社交媒体运营（深圳）,中国,深圳,IEG,,产品,"负责英雄联盟社交媒体的运营，包括内容运营、活动策划、数据分析、合作洽谈、玩家创作团队管理、社交产品定制、主播活动等。
针对重要LOL赛事、版本、商业化、品牌活动等开展在社交媒体上的专项用户沟通，制订该平台的沟通策划和方案;
通过不同的社交媒体平台触达海量玩家，从而针对重点事件进行玩家意见收集及反馈，监控舆情、数据分析并帮助玩家解决问题，推动各类业务改进，提升玩家参与感和信任.",2019年06月14日,http://careers.tencent.com/jobdesc.html?postId=0,1,False,False
